am_pm,full_time_12,full_time_24,Hour 12,Hour 24,Minute,time_key
"AM","01:00 AM","01:00","01","01",0,"01:00"
"AM","01:01 AM","01:01","01","01",1,"01:01"
"AM","01:02 AM","01:02","01","01",2,"01:02"
"AM","01:03 AM","01:03","01","01",3,"01:03"
"AM","01:04 AM","01:04","01","01",4,"01:04"
"AM","01:05 AM","01:05","01","01",5,"01:05"
"AM","01:06 AM","01:06","01","01",6,"01:06"
"AM","01:07 AM","01:07","01","01",7,"01:07"
"AM","01:08 AM","01:08","01","01",8,"01:08"
"AM","01:09 AM","01:09","01","01",9,"01:09"
"AM","01:10 AM","01:10","01","01",10,"01:10"
"AM","01:11 AM","01:11","01","01",11,"01:11"
"AM","01:12 AM","01:12","01","01",12,"01:12"
"AM","01:13 AM","01:13","01","01",13,"01:13"
"AM","01:14 AM","01:14","01","01",14,"01:14"
"AM","01:15 AM","01:15","01","01",15,"01:15"
"AM","01:16 AM","01:16","01","01",16,"01:16"
"AM","01:17 AM","01:17","01","01",17,"01:17"
"AM","01:18 AM","01:18","01","01",18,"01:18"
"AM","01:19 AM","01:19","01","01",19,"01:19"
"AM","01:20 AM","01:20","01","01",20,"01:20"
"AM","01:21 AM","01:21","01","01",21,"01:21"
"AM","01:22 AM","01:22","01","01",22,"01:22"
"AM","01:23 AM","01:23","01","01",23,"01:23"
"AM","01:24 AM","01:24","01","01",24,"01:24"
"AM","01:25 AM","01:25","01","01",25,"01:25"
"AM","01:26 AM","01:26","01","01",26,"01:26"
"AM","01:27 AM","01:27","01","01",27,"01:27"
"AM","01:28 AM","01:28","01","01",28,"01:28"
"AM","01:29 AM","01:29","01","01",29,"01:29"
"AM","01:30 AM","01:30","01","01",30,"01:30"
"AM","01:31 AM","01:31","01","01",31,"01:31"
"AM","01:32 AM","01:32","01","01",32,"01:32"
"AM","01:33 AM","01:33","01","01",33,"01:33"
"AM","01:34 AM","01:34","01","01",34,"01:34"
"AM","01:35 AM","01:35","01","01",35,"01:35"
"AM","01:36 AM","01:36","01","01",36,"01:36"
"AM","01:37 AM","01:37","01","01",37,"01:37"
"AM","01:38 AM","01:38","01","01",38,"01:38"
"AM","01:39 AM","01:39","01","01",39,"01:39"
"AM","01:40 AM","01:40","01","01",40,"01:40"
"AM","01:41 AM","01:41","01","01",41,"01:41"
"AM","01:42 AM","01:42","01","01",42,"01:42"
"AM","01:43 AM","01:43","01","01",43,"01:43"
"AM","01:44 AM","01:44","01","01",44,"01:44"
"AM","01:45 AM","01:45","01","01",45,"01:45"
"AM","01:46 AM","01:46","01","01",46,"01:46"
"AM","01:47 AM","01:47","01","01",47,"01:47"
"AM","01:48 AM","01:48","01","01",48,"01:48"
"AM","01:49 AM","01:49","01","01",49,"01:49"
"AM","01:50 AM","01:50","01","01",50,"01:50"
"AM","01:51 AM","01:51","01","01",51,"01:51"
"AM","01:52 AM","01:52","01","01",52,"01:52"
"AM","01:53 AM","01:53","01","01",53,"01:53"
"AM","01:54 AM","01:54","01","01",54,"01:54"
"AM","01:55 AM","01:55","01","01",55,"01:55"
"AM","01:56 AM","01:56","01","01",56,"01:56"
"AM","01:57 AM","01:57","01","01",57,"01:57"
"AM","01:58 AM","01:58","01","01",58,"01:58"
"AM","01:59 AM","01:59","01","01",59,"01:59"
"AM","02:00 AM","02:00","02","02",0,"02:00"
"AM","02:01 AM","02:01","02","02",1,"02:01"
"AM","02:02 AM","02:02","02","02",2,"02:02"
"AM","02:03 AM","02:03","02","02",3,"02:03"
"AM","02:04 AM","02:04","02","02",4,"02:04"
"AM","02:05 AM","02:05","02","02",5,"02:05"
"AM","02:06 AM","02:06","02","02",6,"02:06"
"AM","02:07 AM","02:07","02","02",7,"02:07"
"AM","02:08 AM","02:08","02","02",8,"02:08"
"AM","02:09 AM","02:09","02","02",9,"02:09"
"AM","02:10 AM","02:10","02","02",10,"02:10"
"AM","02:11 AM","02:11","02","02",11,"02:11"
"AM","02:12 AM","02:12","02","02",12,"02:12"
"AM","02:13 AM","02:13","02","02",13,"02:13"
"AM","02:14 AM","02:14","02","02",14,"02:14"
"AM","02:15 AM","02:15","02","02",15,"02:15"
"AM","02:16 AM","02:16","02","02",16,"02:16"
"AM","02:17 AM","02:17","02","02",17,"02:17"
"AM","02:18 AM","02:18","02","02",18,"02:18"
"AM","02:19 AM","02:19","02","02",19,"02:19"
"AM","02:20 AM","02:20","02","02",20,"02:20"
"AM","02:21 AM","02:21","02","02",21,"02:21"
"AM","02:22 AM","02:22","02","02",22,"02:22"
"AM","02:23 AM","02:23","02","02",23,"02:23"
"AM","02:24 AM","02:24","02","02",24,"02:24"
"AM","02:25 AM","02:25","02","02",25,"02:25"
"AM","02:26 AM","02:26","02","02",26,"02:26"
"AM","02:27 AM","02:27","02","02",27,"02:27"
"AM","02:28 AM","02:28","02","02",28,"02:28"
"AM","02:29 AM","02:29","02","02",29,"02:29"
"AM","02:30 AM","02:30","02","02",30,"02:30"
"AM","02:31 AM","02:31","02","02",31,"02:31"
"AM","02:32 AM","02:32","02","02",32,"02:32"
"AM","02:33 AM","02:33","02","02",33,"02:33"
"AM","02:34 AM","02:34","02","02",34,"02:34"
"AM","02:35 AM","02:35","02","02",35,"02:35"
"AM","02:36 AM","02:36","02","02",36,"02:36"
"AM","02:37 AM","02:37","02","02",37,"02:37"
"AM","02:38 AM","02:38","02","02",38,"02:38"
"AM","02:39 AM","02:39","02","02",39,"02:39"
"AM","02:40 AM","02:40","02","02",40,"02:40"
"AM","02:41 AM","02:41","02","02",41,"02:41"
"AM","02:42 AM","02:42","02","02",42,"02:42"
"AM","02:43 AM","02:43","02","02",43,"02:43"
"AM","02:44 AM","02:44","02","02",44,"02:44"
"AM","02:45 AM","02:45","02","02",45,"02:45"
"AM","02:46 AM","02:46","02","02",46,"02:46"
"AM","02:47 AM","02:47","02","02",47,"02:47"
"AM","02:48 AM","02:48","02","02",48,"02:48"
"AM","02:49 AM","02:49","02","02",49,"02:49"
"AM","02:50 AM","02:50","02","02",50,"02:50"
"AM","02:51 AM","02:51","02","02",51,"02:51"
"AM","02:52 AM","02:52","02","02",52,"02:52"
"AM","02:53 AM","02:53","02","02",53,"02:53"
"AM","02:54 AM","02:54","02","02",54,"02:54"
"AM","02:55 AM","02:55","02","02",55,"02:55"
"AM","02:56 AM","02:56","02","02",56,"02:56"
"AM","02:57 AM","02:57","02","02",57,"02:57"
"AM","02:58 AM","02:58","02","02",58,"02:58"
"AM","02:59 AM","02:59","02","02",59,"02:59"
"AM","03:00 AM","03:00","03","03",0,"03:00"
"AM","03:01 AM","03:01","03","03",1,"03:01"
"AM","03:02 AM","03:02","03","03",2,"03:02"
"AM","03:03 AM","03:03","03","03",3,"03:03"
"AM","03:04 AM","03:04","03","03",4,"03:04"
"AM","03:05 AM","03:05","03","03",5,"03:05"
"AM","03:06 AM","03:06","03","03",6,"03:06"
"AM","03:07 AM","03:07","03","03",7,"03:07"
"AM","03:08 AM","03:08","03","03",8,"03:08"
"AM","03:09 AM","03:09","03","03",9,"03:09"
"AM","03:10 AM","03:10","03","03",10,"03:10"
"AM","03:11 AM","03:11","03","03",11,"03:11"
"AM","03:12 AM","03:12","03","03",12,"03:12"
"AM","03:13 AM","03:13","03","03",13,"03:13"
"AM","03:14 AM","03:14","03","03",14,"03:14"
"AM","03:15 AM","03:15","03","03",15,"03:15"
"AM","03:16 AM","03:16","03","03",16,"03:16"
"AM","03:17 AM","03:17","03","03",17,"03:17"
"AM","03:18 AM","03:18","03","03",18,"03:18"
"AM","03:19 AM","03:19","03","03",19,"03:19"
"AM","03:20 AM","03:20","03","03",20,"03:20"
"AM","03:21 AM","03:21","03","03",21,"03:21"
"AM","03:22 AM","03:22","03","03",22,"03:22"
"AM","03:23 AM","03:23","03","03",23,"03:23"
"AM","03:24 AM","03:24","03","03",24,"03:24"
"AM","03:25 AM","03:25","03","03",25,"03:25"
"AM","03:26 AM","03:26","03","03",26,"03:26"
"AM","03:27 AM","03:27","03","03",27,"03:27"
"AM","03:28 AM","03:28","03","03",28,"03:28"
"AM","03:29 AM","03:29","03","03",29,"03:29"
"AM","03:30 AM","03:30","03","03",30,"03:30"
"AM","03:31 AM","03:31","03","03",31,"03:31"
"AM","03:32 AM","03:32","03","03",32,"03:32"
"AM","03:33 AM","03:33","03","03",33,"03:33"
"AM","03:34 AM","03:34","03","03",34,"03:34"
"AM","03:35 AM","03:35","03","03",35,"03:35"
"AM","03:36 AM","03:36","03","03",36,"03:36"
"AM","03:37 AM","03:37","03","03",37,"03:37"
"AM","03:38 AM","03:38","03","03",38,"03:38"
"AM","03:39 AM","03:39","03","03",39,"03:39"
"AM","03:40 AM","03:40","03","03",40,"03:40"
"AM","03:41 AM","03:41","03","03",41,"03:41"
"AM","03:42 AM","03:42","03","03",42,"03:42"
"AM","03:43 AM","03:43","03","03",43,"03:43"
"AM","03:44 AM","03:44","03","03",44,"03:44"
"AM","03:45 AM","03:45","03","03",45,"03:45"
"AM","03:46 AM","03:46","03","03",46,"03:46"
"AM","03:47 AM","03:47","03","03",47,"03:47"
"AM","03:48 AM","03:48","03","03",48,"03:48"
"AM","03:49 AM","03:49","03","03",49,"03:49"
"AM","03:50 AM","03:50","03","03",50,"03:50"
"AM","03:51 AM","03:51","03","03",51,"03:51"
"AM","03:52 AM","03:52","03","03",52,"03:52"
"AM","03:53 AM","03:53","03","03",53,"03:53"
"AM","03:54 AM","03:54","03","03",54,"03:54"
"AM","03:55 AM","03:55","03","03",55,"03:55"
"AM","03:56 AM","03:56","03","03",56,"03:56"
"AM","03:57 AM","03:57","03","03",57,"03:57"
"AM","03:58 AM","03:58","03","03",58,"03:58"
"AM","03:59 AM","03:59","03","03",59,"03:59"
"AM","04:00 AM","04:00","04","04",0,"04:00"
"AM","04:01 AM","04:01","04","04",1,"04:01"
"AM","04:02 AM","04:02","04","04",2,"04:02"
"AM","04:03 AM","04:03","04","04",3,"04:03"
"AM","04:04 AM","04:04","04","04",4,"04:04"
"AM","04:05 AM","04:05","04","04",5,"04:05"
"AM","04:06 AM","04:06","04","04",6,"04:06"
"AM","04:07 AM","04:07","04","04",7,"04:07"
"AM","04:08 AM","04:08","04","04",8,"04:08"
"AM","04:09 AM","04:09","04","04",9,"04:09"
"AM","04:10 AM","04:10","04","04",10,"04:10"
"AM","04:11 AM","04:11","04","04",11,"04:11"
"AM","04:12 AM","04:12","04","04",12,"04:12"
"AM","04:13 AM","04:13","04","04",13,"04:13"
"AM","04:14 AM","04:14","04","04",14,"04:14"
"AM","04:15 AM","04:15","04","04",15,"04:15"
"AM","04:16 AM","04:16","04","04",16,"04:16"
"AM","04:17 AM","04:17","04","04",17,"04:17"
"AM","04:18 AM","04:18","04","04",18,"04:18"
"AM","04:19 AM","04:19","04","04",19,"04:19"
"AM","04:20 AM","04:20","04","04",20,"04:20"
"AM","04:21 AM","04:21","04","04",21,"04:21"
"AM","04:22 AM","04:22","04","04",22,"04:22"
"AM","04:23 AM","04:23","04","04",23,"04:23"
"AM","04:24 AM","04:24","04","04",24,"04:24"
"AM","04:25 AM","04:25","04","04",25,"04:25"
"AM","04:26 AM","04:26","04","04",26,"04:26"
"AM","04:27 AM","04:27","04","04",27,"04:27"
"AM","04:28 AM","04:28","04","04",28,"04:28"
"AM","04:29 AM","04:29","04","04",29,"04:29"
"AM","04:30 AM","04:30","04","04",30,"04:30"
"AM","04:31 AM","04:31","04","04",31,"04:31"
"AM","04:32 AM","04:32","04","04",32,"04:32"
"AM","04:33 AM","04:33","04","04",33,"04:33"
"AM","04:34 AM","04:34","04","04",34,"04:34"
"AM","04:35 AM","04:35","04","04",35,"04:35"
"AM","04:36 AM","04:36","04","04",36,"04:36"
"AM","04:37 AM","04:37","04","04",37,"04:37"
"AM","04:38 AM","04:38","04","04",38,"04:38"
"AM","04:39 AM","04:39","04","04",39,"04:39"
"AM","04:40 AM","04:40","04","04",40,"04:40"
"AM","04:41 AM","04:41","04","04",41,"04:41"
"AM","04:42 AM","04:42","04","04",42,"04:42"
"AM","04:43 AM","04:43","04","04",43,"04:43"
"AM","04:44 AM","04:44","04","04",44,"04:44"
"AM","04:45 AM","04:45","04","04",45,"04:45"
"AM","04:46 AM","04:46","04","04",46,"04:46"
"AM","04:47 AM","04:47","04","04",47,"04:47"
"AM","04:48 AM","04:48","04","04",48,"04:48"
"AM","04:49 AM","04:49","04","04",49,"04:49"
"AM","04:50 AM","04:50","04","04",50,"04:50"
"AM","04:51 AM","04:51","04","04",51,"04:51"
"AM","04:52 AM","04:52","04","04",52,"04:52"
"AM","04:53 AM","04:53","04","04",53,"04:53"
"AM","04:54 AM","04:54","04","04",54,"04:54"
"AM","04:55 AM","04:55","04","04",55,"04:55"
"AM","04:56 AM","04:56","04","04",56,"04:56"
"AM","04:57 AM","04:57","04","04",57,"04:57"
"AM","04:58 AM","04:58","04","04",58,"04:58"
"AM","04:59 AM","04:59","04","04",59,"04:59"
"AM","05:00 AM","05:00","05","05",0,"05:00"
"AM","05:01 AM","05:01","05","05",1,"05:01"
"AM","05:02 AM","05:02","05","05",2,"05:02"
"AM","05:03 AM","05:03","05","05",3,"05:03"
"AM","05:04 AM","05:04","05","05",4,"05:04"
"AM","05:05 AM","05:05","05","05",5,"05:05"
"AM","05:06 AM","05:06","05","05",6,"05:06"
"AM","05:07 AM","05:07","05","05",7,"05:07"
"AM","05:08 AM","05:08","05","05",8,"05:08"
"AM","05:09 AM","05:09","05","05",9,"05:09"
"AM","05:10 AM","05:10","05","05",10,"05:10"
"AM","05:11 AM","05:11","05","05",11,"05:11"
"AM","05:12 AM","05:12","05","05",12,"05:12"
"AM","05:13 AM","05:13","05","05",13,"05:13"
"AM","05:14 AM","05:14","05","05",14,"05:14"
"AM","05:15 AM","05:15","05","05",15,"05:15"
"AM","05:16 AM","05:16","05","05",16,"05:16"
"AM","05:17 AM","05:17","05","05",17,"05:17"
"AM","05:18 AM","05:18","05","05",18,"05:18"
"AM","05:19 AM","05:19","05","05",19,"05:19"
"AM","05:20 AM","05:20","05","05",20,"05:20"
"AM","05:21 AM","05:21","05","05",21,"05:21"
"AM","05:22 AM","05:22","05","05",22,"05:22"
"AM","05:23 AM","05:23","05","05",23,"05:23"
"AM","05:24 AM","05:24","05","05",24,"05:24"
"AM","05:25 AM","05:25","05","05",25,"05:25"
"AM","05:26 AM","05:26","05","05",26,"05:26"
"AM","05:27 AM","05:27","05","05",27,"05:27"
"AM","05:28 AM","05:28","05","05",28,"05:28"
"AM","05:29 AM","05:29","05","05",29,"05:29"
"AM","05:30 AM","05:30","05","05",30,"05:30"
"AM","05:31 AM","05:31","05","05",31,"05:31"
"AM","05:32 AM","05:32","05","05",32,"05:32"
"AM","05:33 AM","05:33","05","05",33,"05:33"
"AM","05:34 AM","05:34","05","05",34,"05:34"
"AM","05:35 AM","05:35","05","05",35,"05:35"
"AM","05:36 AM","05:36","05","05",36,"05:36"
"AM","05:37 AM","05:37","05","05",37,"05:37"
"AM","05:38 AM","05:38","05","05",38,"05:38"
"AM","05:39 AM","05:39","05","05",39,"05:39"
"AM","05:40 AM","05:40","05","05",40,"05:40"
"AM","05:41 AM","05:41","05","05",41,"05:41"
"AM","05:42 AM","05:42","05","05",42,"05:42"
"AM","05:43 AM","05:43","05","05",43,"05:43"
"AM","05:44 AM","05:44","05","05",44,"05:44"
"AM","05:45 AM","05:45","05","05",45,"05:45"
"AM","05:46 AM","05:46","05","05",46,"05:46"
"AM","05:47 AM","05:47","05","05",47,"05:47"
"AM","05:48 AM","05:48","05","05",48,"05:48"
"AM","05:49 AM","05:49","05","05",49,"05:49"
"AM","05:50 AM","05:50","05","05",50,"05:50"
"AM","05:51 AM","05:51","05","05",51,"05:51"
"AM","05:52 AM","05:52","05","05",52,"05:52"
"AM","05:53 AM","05:53","05","05",53,"05:53"
"AM","05:54 AM","05:54","05","05",54,"05:54"
"AM","05:55 AM","05:55","05","05",55,"05:55"
"AM","05:56 AM","05:56","05","05",56,"05:56"
"AM","05:57 AM","05:57","05","05",57,"05:57"
"AM","05:58 AM","05:58","05","05",58,"05:58"
"AM","05:59 AM","05:59","05","05",59,"05:59"
"AM","06:00 AM","06:00","06","06",0,"06:00"
"AM","06:01 AM","06:01","06","06",1,"06:01"
"AM","06:02 AM","06:02","06","06",2,"06:02"
"AM","06:03 AM","06:03","06","06",3,"06:03"
"AM","06:04 AM","06:04","06","06",4,"06:04"
"AM","06:05 AM","06:05","06","06",5,"06:05"
"AM","06:06 AM","06:06","06","06",6,"06:06"
"AM","06:07 AM","06:07","06","06",7,"06:07"
"AM","06:08 AM","06:08","06","06",8,"06:08"
"AM","06:09 AM","06:09","06","06",9,"06:09"
"AM","06:10 AM","06:10","06","06",10,"06:10"
"AM","06:11 AM","06:11","06","06",11,"06:11"
"AM","06:12 AM","06:12","06","06",12,"06:12"
"AM","06:13 AM","06:13","06","06",13,"06:13"
"AM","06:14 AM","06:14","06","06",14,"06:14"
"AM","06:15 AM","06:15","06","06",15,"06:15"
"AM","06:16 AM","06:16","06","06",16,"06:16"
"AM","06:17 AM","06:17","06","06",17,"06:17"
"AM","06:18 AM","06:18","06","06",18,"06:18"
"AM","06:19 AM","06:19","06","06",19,"06:19"
"AM","06:20 AM","06:20","06","06",20,"06:20"
"AM","06:21 AM","06:21","06","06",21,"06:21"
"AM","06:22 AM","06:22","06","06",22,"06:22"
"AM","06:23 AM","06:23","06","06",23,"06:23"
"AM","06:24 AM","06:24","06","06",24,"06:24"
"AM","06:25 AM","06:25","06","06",25,"06:25"
"AM","06:26 AM","06:26","06","06",26,"06:26"
"AM","06:27 AM","06:27","06","06",27,"06:27"
"AM","06:28 AM","06:28","06","06",28,"06:28"
"AM","06:29 AM","06:29","06","06",29,"06:29"
"AM","06:30 AM","06:30","06","06",30,"06:30"
"AM","06:31 AM","06:31","06","06",31,"06:31"
"AM","06:32 AM","06:32","06","06",32,"06:32"
"AM","06:33 AM","06:33","06","06",33,"06:33"
"AM","06:34 AM","06:34","06","06",34,"06:34"
"AM","06:35 AM","06:35","06","06",35,"06:35"
"AM","06:36 AM","06:36","06","06",36,"06:36"
"AM","06:37 AM","06:37","06","06",37,"06:37"
"AM","06:38 AM","06:38","06","06",38,"06:38"
"AM","06:39 AM","06:39","06","06",39,"06:39"
"AM","06:40 AM","06:40","06","06",40,"06:40"
"AM","06:41 AM","06:41","06","06",41,"06:41"
"AM","06:42 AM","06:42","06","06",42,"06:42"
"AM","06:43 AM","06:43","06","06",43,"06:43"
"AM","06:44 AM","06:44","06","06",44,"06:44"
"AM","06:45 AM","06:45","06","06",45,"06:45"
"AM","06:46 AM","06:46","06","06",46,"06:46"
"AM","06:47 AM","06:47","06","06",47,"06:47"
"AM","06:48 AM","06:48","06","06",48,"06:48"
"AM","06:49 AM","06:49","06","06",49,"06:49"
"AM","06:50 AM","06:50","06","06",50,"06:50"
"AM","06:51 AM","06:51","06","06",51,"06:51"
"AM","06:52 AM","06:52","06","06",52,"06:52"
"AM","06:53 AM","06:53","06","06",53,"06:53"
"AM","06:54 AM","06:54","06","06",54,"06:54"
"AM","06:55 AM","06:55","06","06",55,"06:55"
"AM","06:56 AM","06:56","06","06",56,"06:56"
"AM","06:57 AM","06:57","06","06",57,"06:57"
"AM","06:58 AM","06:58","06","06",58,"06:58"
"AM","06:59 AM","06:59","06","06",59,"06:59"
"AM","07:00 AM","07:00","07","07",0,"07:00"
"AM","07:01 AM","07:01","07","07",1,"07:01"
"AM","07:02 AM","07:02","07","07",2,"07:02"
"AM","07:03 AM","07:03","07","07",3,"07:03"
"AM","07:04 AM","07:04","07","07",4,"07:04"
"AM","07:05 AM","07:05","07","07",5,"07:05"
"AM","07:06 AM","07:06","07","07",6,"07:06"
"AM","07:07 AM","07:07","07","07",7,"07:07"
"AM","07:08 AM","07:08","07","07",8,"07:08"
"AM","07:09 AM","07:09","07","07",9,"07:09"
"AM","07:10 AM","07:10","07","07",10,"07:10"
"AM","07:11 AM","07:11","07","07",11,"07:11"
"AM","07:12 AM","07:12","07","07",12,"07:12"
"AM","07:13 AM","07:13","07","07",13,"07:13"
"AM","07:14 AM","07:14","07","07",14,"07:14"
"AM","07:15 AM","07:15","07","07",15,"07:15"
"AM","07:16 AM","07:16","07","07",16,"07:16"
"AM","07:17 AM","07:17","07","07",17,"07:17"
"AM","07:18 AM","07:18","07","07",18,"07:18"
"AM","07:19 AM","07:19","07","07",19,"07:19"
"AM","07:20 AM","07:20","07","07",20,"07:20"
"AM","07:21 AM","07:21","07","07",21,"07:21"
"AM","07:22 AM","07:22","07","07",22,"07:22"
"AM","07:23 AM","07:23","07","07",23,"07:23"
"AM","07:24 AM","07:24","07","07",24,"07:24"
"AM","07:25 AM","07:25","07","07",25,"07:25"
"AM","07:26 AM","07:26","07","07",26,"07:26"
"AM","07:27 AM","07:27","07","07",27,"07:27"
"AM","07:28 AM","07:28","07","07",28,"07:28"
"AM","07:29 AM","07:29","07","07",29,"07:29"
"AM","07:30 AM","07:30","07","07",30,"07:30"
"AM","07:31 AM","07:31","07","07",31,"07:31"
"AM","07:32 AM","07:32","07","07",32,"07:32"
"AM","07:33 AM","07:33","07","07",33,"07:33"
"AM","07:34 AM","07:34","07","07",34,"07:34"
"AM","07:35 AM","07:35","07","07",35,"07:35"
"AM","07:36 AM","07:36","07","07",36,"07:36"
"AM","07:37 AM","07:37","07","07",37,"07:37"
"AM","07:38 AM","07:38","07","07",38,"07:38"
"AM","07:39 AM","07:39","07","07",39,"07:39"
"AM","07:40 AM","07:40","07","07",40,"07:40"
"AM","07:41 AM","07:41","07","07",41,"07:41"
"AM","07:42 AM","07:42","07","07",42,"07:42"
"AM","07:43 AM","07:43","07","07",43,"07:43"
"AM","07:44 AM","07:44","07","07",44,"07:44"
"AM","07:45 AM","07:45","07","07",45,"07:45"
"AM","07:46 AM","07:46","07","07",46,"07:46"
"AM","07:47 AM","07:47","07","07",47,"07:47"
"AM","07:48 AM","07:48","07","07",48,"07:48"
"AM","07:49 AM","07:49","07","07",49,"07:49"
"AM","07:50 AM","07:50","07","07",50,"07:50"
"AM","07:51 AM","07:51","07","07",51,"07:51"
"AM","07:52 AM","07:52","07","07",52,"07:52"
"AM","07:53 AM","07:53","07","07",53,"07:53"
"AM","07:54 AM","07:54","07","07",54,"07:54"
"AM","07:55 AM","07:55","07","07",55,"07:55"
"AM","07:56 AM","07:56","07","07",56,"07:56"
"AM","07:57 AM","07:57","07","07",57,"07:57"
"AM","07:58 AM","07:58","07","07",58,"07:58"
"AM","07:59 AM","07:59","07","07",59,"07:59"
"AM","08:00 AM","08:00","08","08",0,"08:00"
"AM","08:01 AM","08:01","08","08",1,"08:01"
"AM","08:02 AM","08:02","08","08",2,"08:02"
"AM","08:03 AM","08:03","08","08",3,"08:03"
"AM","08:04 AM","08:04","08","08",4,"08:04"
"AM","08:05 AM","08:05","08","08",5,"08:05"
"AM","08:06 AM","08:06","08","08",6,"08:06"
"AM","08:07 AM","08:07","08","08",7,"08:07"
"AM","08:08 AM","08:08","08","08",8,"08:08"
"AM","08:09 AM","08:09","08","08",9,"08:09"
"AM","08:10 AM","08:10","08","08",10,"08:10"
"AM","08:11 AM","08:11","08","08",11,"08:11"
"AM","08:12 AM","08:12","08","08",12,"08:12"
"AM","08:13 AM","08:13","08","08",13,"08:13"
"AM","08:14 AM","08:14","08","08",14,"08:14"
"AM","08:15 AM","08:15","08","08",15,"08:15"
"AM","08:16 AM","08:16","08","08",16,"08:16"
"AM","08:17 AM","08:17","08","08",17,"08:17"
"AM","08:18 AM","08:18","08","08",18,"08:18"
"AM","08:19 AM","08:19","08","08",19,"08:19"
"AM","08:20 AM","08:20","08","08",20,"08:20"
"AM","08:21 AM","08:21","08","08",21,"08:21"
"AM","08:22 AM","08:22","08","08",22,"08:22"
"AM","08:23 AM","08:23","08","08",23,"08:23"
"AM","08:24 AM","08:24","08","08",24,"08:24"
"AM","08:25 AM","08:25","08","08",25,"08:25"
"AM","08:26 AM","08:26","08","08",26,"08:26"
"AM","08:27 AM","08:27","08","08",27,"08:27"
"AM","08:28 AM","08:28","08","08",28,"08:28"
"AM","08:29 AM","08:29","08","08",29,"08:29"
"AM","08:30 AM","08:30","08","08",30,"08:30"
"AM","08:31 AM","08:31","08","08",31,"08:31"
"AM","08:32 AM","08:32","08","08",32,"08:32"
"AM","08:33 AM","08:33","08","08",33,"08:33"
"AM","08:34 AM","08:34","08","08",34,"08:34"
"AM","08:35 AM","08:35","08","08",35,"08:35"
"AM","08:36 AM","08:36","08","08",36,"08:36"
"AM","08:37 AM","08:37","08","08",37,"08:37"
"AM","08:38 AM","08:38","08","08",38,"08:38"
"AM","08:39 AM","08:39","08","08",39,"08:39"
"AM","08:40 AM","08:40","08","08",40,"08:40"
"AM","08:41 AM","08:41","08","08",41,"08:41"
"AM","08:42 AM","08:42","08","08",42,"08:42"
"AM","08:43 AM","08:43","08","08",43,"08:43"
"AM","08:44 AM","08:44","08","08",44,"08:44"
"AM","08:45 AM","08:45","08","08",45,"08:45"
"AM","08:46 AM","08:46","08","08",46,"08:46"
"AM","08:47 AM","08:47","08","08",47,"08:47"
"AM","08:48 AM","08:48","08","08",48,"08:48"
"AM","08:49 AM","08:49","08","08",49,"08:49"
"AM","08:50 AM","08:50","08","08",50,"08:50"
"AM","08:51 AM","08:51","08","08",51,"08:51"
"AM","08:52 AM","08:52","08","08",52,"08:52"
"AM","08:53 AM","08:53","08","08",53,"08:53"
"AM","08:54 AM","08:54","08","08",54,"08:54"
"AM","08:55 AM","08:55","08","08",55,"08:55"
"AM","08:56 AM","08:56","08","08",56,"08:56"
"AM","08:57 AM","08:57","08","08",57,"08:57"
"AM","08:58 AM","08:58","08","08",58,"08:58"
"AM","08:59 AM","08:59","08","08",59,"08:59"
"AM","09:00 AM","09:00","09","09",0,"09:00"
"AM","09:01 AM","09:01","09","09",1,"09:01"
"AM","09:02 AM","09:02","09","09",2,"09:02"
"AM","09:03 AM","09:03","09","09",3,"09:03"
"AM","09:04 AM","09:04","09","09",4,"09:04"
"AM","09:05 AM","09:05","09","09",5,"09:05"
"AM","09:06 AM","09:06","09","09",6,"09:06"
"AM","09:07 AM","09:07","09","09",7,"09:07"
"AM","09:08 AM","09:08","09","09",8,"09:08"
"AM","09:09 AM","09:09","09","09",9,"09:09"
"AM","09:10 AM","09:10","09","09",10,"09:10"
"AM","09:11 AM","09:11","09","09",11,"09:11"
"AM","09:12 AM","09:12","09","09",12,"09:12"
"AM","09:13 AM","09:13","09","09",13,"09:13"
"AM","09:14 AM","09:14","09","09",14,"09:14"
"AM","09:15 AM","09:15","09","09",15,"09:15"
"AM","09:16 AM","09:16","09","09",16,"09:16"
"AM","09:17 AM","09:17","09","09",17,"09:17"
"AM","09:18 AM","09:18","09","09",18,"09:18"
"AM","09:19 AM","09:19","09","09",19,"09:19"
"AM","09:20 AM","09:20","09","09",20,"09:20"
"AM","09:21 AM","09:21","09","09",21,"09:21"
"AM","09:22 AM","09:22","09","09",22,"09:22"
"AM","09:23 AM","09:23","09","09",23,"09:23"
"AM","09:24 AM","09:24","09","09",24,"09:24"
"AM","09:25 AM","09:25","09","09",25,"09:25"
"AM","09:26 AM","09:26","09","09",26,"09:26"
"AM","09:27 AM","09:27","09","09",27,"09:27"
"AM","09:28 AM","09:28","09","09",28,"09:28"
"AM","09:29 AM","09:29","09","09",29,"09:29"
"AM","09:30 AM","09:30","09","09",30,"09:30"
"AM","09:31 AM","09:31","09","09",31,"09:31"
"AM","09:32 AM","09:32","09","09",32,"09:32"
"AM","09:33 AM","09:33","09","09",33,"09:33"
"AM","09:34 AM","09:34","09","09",34,"09:34"
"AM","09:35 AM","09:35","09","09",35,"09:35"
"AM","09:36 AM","09:36","09","09",36,"09:36"
"AM","09:37 AM","09:37","09","09",37,"09:37"
"AM","09:38 AM","09:38","09","09",38,"09:38"
"AM","09:39 AM","09:39","09","09",39,"09:39"
"AM","09:40 AM","09:40","09","09",40,"09:40"
"AM","09:41 AM","09:41","09","09",41,"09:41"
"AM","09:42 AM","09:42","09","09",42,"09:42"
"AM","09:43 AM","09:43","09","09",43,"09:43"
"AM","09:44 AM","09:44","09","09",44,"09:44"
"AM","09:45 AM","09:45","09","09",45,"09:45"
"AM","09:46 AM","09:46","09","09",46,"09:46"
"AM","09:47 AM","09:47","09","09",47,"09:47"
"AM","09:48 AM","09:48","09","09",48,"09:48"
"AM","09:49 AM","09:49","09","09",49,"09:49"
"AM","09:50 AM","09:50","09","09",50,"09:50"
"AM","09:51 AM","09:51","09","09",51,"09:51"
"AM","09:52 AM","09:52","09","09",52,"09:52"
"AM","09:53 AM","09:53","09","09",53,"09:53"
"AM","09:54 AM","09:54","09","09",54,"09:54"
"AM","09:55 AM","09:55","09","09",55,"09:55"
"AM","09:56 AM","09:56","09","09",56,"09:56"
"AM","09:57 AM","09:57","09","09",57,"09:57"
"AM","09:58 AM","09:58","09","09",58,"09:58"
"AM","09:59 AM","09:59","09","09",59,"09:59"
"AM","10:00 AM","10:00","10","10",0,"10:00"
"AM","10:01 AM","10:01","10","10",1,"10:01"
"AM","10:02 AM","10:02","10","10",2,"10:02"
"AM","10:03 AM","10:03","10","10",3,"10:03"
"AM","10:04 AM","10:04","10","10",4,"10:04"
"AM","10:05 AM","10:05","10","10",5,"10:05"
"AM","10:06 AM","10:06","10","10",6,"10:06"
"AM","10:07 AM","10:07","10","10",7,"10:07"
"AM","10:08 AM","10:08","10","10",8,"10:08"
"AM","10:09 AM","10:09","10","10",9,"10:09"
"AM","10:10 AM","10:10","10","10",10,"10:10"
"AM","10:11 AM","10:11","10","10",11,"10:11"
"AM","10:12 AM","10:12","10","10",12,"10:12"
"AM","10:13 AM","10:13","10","10",13,"10:13"
"AM","10:14 AM","10:14","10","10",14,"10:14"
"AM","10:15 AM","10:15","10","10",15,"10:15"
"AM","10:16 AM","10:16","10","10",16,"10:16"
"AM","10:17 AM","10:17","10","10",17,"10:17"
"AM","10:18 AM","10:18","10","10",18,"10:18"
"AM","10:19 AM","10:19","10","10",19,"10:19"
"AM","10:20 AM","10:20","10","10",20,"10:20"
"AM","10:21 AM","10:21","10","10",21,"10:21"
"AM","10:22 AM","10:22","10","10",22,"10:22"
"AM","10:23 AM","10:23","10","10",23,"10:23"
"AM","10:24 AM","10:24","10","10",24,"10:24"
"AM","10:25 AM","10:25","10","10",25,"10:25"
"AM","10:26 AM","10:26","10","10",26,"10:26"
"AM","10:27 AM","10:27","10","10",27,"10:27"
"AM","10:28 AM","10:28","10","10",28,"10:28"
"AM","10:29 AM","10:29","10","10",29,"10:29"
"AM","10:30 AM","10:30","10","10",30,"10:30"
"AM","10:31 AM","10:31","10","10",31,"10:31"
"AM","10:32 AM","10:32","10","10",32,"10:32"
"AM","10:33 AM","10:33","10","10",33,"10:33"
"AM","10:34 AM","10:34","10","10",34,"10:34"
"AM","10:35 AM","10:35","10","10",35,"10:35"
"AM","10:36 AM","10:36","10","10",36,"10:36"
"AM","10:37 AM","10:37","10","10",37,"10:37"
"AM","10:38 AM","10:38","10","10",38,"10:38"
"AM","10:39 AM","10:39","10","10",39,"10:39"
"AM","10:40 AM","10:40","10","10",40,"10:40"
"AM","10:41 AM","10:41","10","10",41,"10:41"
"AM","10:42 AM","10:42","10","10",42,"10:42"
"AM","10:43 AM","10:43","10","10",43,"10:43"
"AM","10:44 AM","10:44","10","10",44,"10:44"
"AM","10:45 AM","10:45","10","10",45,"10:45"
"AM","10:46 AM","10:46","10","10",46,"10:46"
"AM","10:47 AM","10:47","10","10",47,"10:47"
"AM","10:48 AM","10:48","10","10",48,"10:48"
"AM","10:49 AM","10:49","10","10",49,"10:49"
"AM","10:50 AM","10:50","10","10",50,"10:50"
"AM","10:51 AM","10:51","10","10",51,"10:51"
"AM","10:52 AM","10:52","10","10",52,"10:52"
"AM","10:53 AM","10:53","10","10",53,"10:53"
"AM","10:54 AM","10:54","10","10",54,"10:54"
"AM","10:55 AM","10:55","10","10",55,"10:55"
"AM","10:56 AM","10:56","10","10",56,"10:56"
"AM","10:57 AM","10:57","10","10",57,"10:57"
"AM","10:58 AM","10:58","10","10",58,"10:58"
"AM","10:59 AM","10:59","10","10",59,"10:59"
"AM","11:00 AM","11:00","11","11",0,"11:00"
"AM","11:01 AM","11:01","11","11",1,"11:01"
"AM","11:02 AM","11:02","11","11",2,"11:02"
"AM","11:03 AM","11:03","11","11",3,"11:03"
"AM","11:04 AM","11:04","11","11",4,"11:04"
"AM","11:05 AM","11:05","11","11",5,"11:05"
"AM","11:06 AM","11:06","11","11",6,"11:06"
"AM","11:07 AM","11:07","11","11",7,"11:07"
"AM","11:08 AM","11:08","11","11",8,"11:08"
"AM","11:09 AM","11:09","11","11",9,"11:09"
"AM","11:10 AM","11:10","11","11",10,"11:10"
"AM","11:11 AM","11:11","11","11",11,"11:11"
"AM","11:12 AM","11:12","11","11",12,"11:12"
"AM","11:13 AM","11:13","11","11",13,"11:13"
"AM","11:14 AM","11:14","11","11",14,"11:14"
"AM","11:15 AM","11:15","11","11",15,"11:15"
"AM","11:16 AM","11:16","11","11",16,"11:16"
"AM","11:17 AM","11:17","11","11",17,"11:17"
"AM","11:18 AM","11:18","11","11",18,"11:18"
"AM","11:19 AM","11:19","11","11",19,"11:19"
"AM","11:20 AM","11:20","11","11",20,"11:20"
"AM","11:21 AM","11:21","11","11",21,"11:21"
"AM","11:22 AM","11:22","11","11",22,"11:22"
"AM","11:23 AM","11:23","11","11",23,"11:23"
"AM","11:24 AM","11:24","11","11",24,"11:24"
"AM","11:25 AM","11:25","11","11",25,"11:25"
"AM","11:26 AM","11:26","11","11",26,"11:26"
"AM","11:27 AM","11:27","11","11",27,"11:27"
"AM","11:28 AM","11:28","11","11",28,"11:28"
"AM","11:29 AM","11:29","11","11",29,"11:29"
"AM","11:30 AM","11:30","11","11",30,"11:30"
"AM","11:31 AM","11:31","11","11",31,"11:31"
"AM","11:32 AM","11:32","11","11",32,"11:32"
"AM","11:33 AM","11:33","11","11",33,"11:33"
"AM","11:34 AM","11:34","11","11",34,"11:34"
"AM","11:35 AM","11:35","11","11",35,"11:35"
"AM","11:36 AM","11:36","11","11",36,"11:36"
"AM","11:37 AM","11:37","11","11",37,"11:37"
"AM","11:38 AM","11:38","11","11",38,"11:38"
"AM","11:39 AM","11:39","11","11",39,"11:39"
"AM","11:40 AM","11:40","11","11",40,"11:40"
"AM","11:41 AM","11:41","11","11",41,"11:41"
"AM","11:42 AM","11:42","11","11",42,"11:42"
"AM","11:43 AM","11:43","11","11",43,"11:43"
"AM","11:44 AM","11:44","11","11",44,"11:44"
"AM","11:45 AM","11:45","11","11",45,"11:45"
"AM","11:46 AM","11:46","11","11",46,"11:46"
"AM","11:47 AM","11:47","11","11",47,"11:47"
"AM","11:48 AM","11:48","11","11",48,"11:48"
"AM","11:49 AM","11:49","11","11",49,"11:49"
"AM","11:50 AM","11:50","11","11",50,"11:50"
"AM","11:51 AM","11:51","11","11",51,"11:51"
"AM","11:52 AM","11:52","11","11",52,"11:52"
"AM","11:53 AM","11:53","11","11",53,"11:53"
"AM","11:54 AM","11:54","11","11",54,"11:54"
"AM","11:55 AM","11:55","11","11",55,"11:55"
"AM","11:56 AM","11:56","11","11",56,"11:56"
"AM","11:57 AM","11:57","11","11",57,"11:57"
"AM","11:58 AM","11:58","11","11",58,"11:58"
"AM","11:59 AM","11:59","11","11",59,"11:59"
"AM","00:00 PM","12:00","12","12",0,"12:00"
"AM","00:01 PM","12:01","12","12",1,"12:01"
"AM","00:02 PM","12:02","12","12",2,"12:02"
"AM","00:03 PM","12:03","12","12",3,"12:03"
"AM","00:04 PM","12:04","12","12",4,"12:04"
"AM","00:05 PM","12:05","12","12",5,"12:05"
"AM","00:06 PM","12:06","12","12",6,"12:06"
"AM","00:07 PM","12:07","12","12",7,"12:07"
"AM","00:08 PM","12:08","12","12",8,"12:08"
"AM","00:09 PM","12:09","12","12",9,"12:09"
"AM","00:10 PM","12:10","12","12",10,"12:10"
"AM","00:11 PM","12:11","12","12",11,"12:11"
"AM","00:12 PM","12:12","12","12",12,"12:12"
"AM","00:13 PM","12:13","12","12",13,"12:13"
"AM","00:14 PM","12:14","12","12",14,"12:14"
"AM","00:15 PM","12:15","12","12",15,"12:15"
"AM","00:16 PM","12:16","12","12",16,"12:16"
"AM","00:17 PM","12:17","12","12",17,"12:17"
"AM","00:18 PM","12:18","12","12",18,"12:18"
"AM","00:19 PM","12:19","12","12",19,"12:19"
"AM","00:20 PM","12:20","12","12",20,"12:20"
"AM","00:21 PM","12:21","12","12",21,"12:21"
"AM","00:22 PM","12:22","12","12",22,"12:22"
"AM","00:23 PM","12:23","12","12",23,"12:23"
"AM","00:24 PM","12:24","12","12",24,"12:24"
"AM","00:25 PM","12:25","12","12",25,"12:25"
"AM","00:26 PM","12:26","12","12",26,"12:26"
"AM","00:27 PM","12:27","12","12",27,"12:27"
"AM","00:28 PM","12:28","12","12",28,"12:28"
"AM","00:29 PM","12:29","12","12",29,"12:29"
"AM","00:30 PM","12:30","12","12",30,"12:30"
"AM","00:31 PM","12:31","12","12",31,"12:31"
"AM","00:32 PM","12:32","12","12",32,"12:32"
"AM","00:33 PM","12:33","12","12",33,"12:33"
"AM","00:34 PM","12:34","12","12",34,"12:34"
"AM","00:35 PM","12:35","12","12",35,"12:35"
"AM","00:36 PM","12:36","12","12",36,"12:36"
"AM","00:37 PM","12:37","12","12",37,"12:37"
"AM","00:38 PM","12:38","12","12",38,"12:38"
"AM","00:39 PM","12:39","12","12",39,"12:39"
"AM","00:40 PM","12:40","12","12",40,"12:40"
"AM","00:41 PM","12:41","12","12",41,"12:41"
"AM","00:42 PM","12:42","12","12",42,"12:42"
"AM","00:43 PM","12:43","12","12",43,"12:43"
"AM","00:44 PM","12:44","12","12",44,"12:44"
"AM","00:45 PM","12:45","12","12",45,"12:45"
"AM","00:46 PM","12:46","12","12",46,"12:46"
"AM","00:47 PM","12:47","12","12",47,"12:47"
"AM","00:48 PM","12:48","12","12",48,"12:48"
"AM","00:49 PM","12:49","12","12",49,"12:49"
"AM","00:50 PM","12:50","12","12",50,"12:50"
"AM","00:51 PM","12:51","12","12",51,"12:51"
"AM","00:52 PM","12:52","12","12",52,"12:52"
"AM","00:53 PM","12:53","12","12",53,"12:53"
"AM","00:54 PM","12:54","12","12",54,"12:54"
"AM","00:55 PM","12:55","12","12",55,"12:55"
"AM","00:56 PM","12:56","12","12",56,"12:56"
"AM","00:57 PM","12:57","12","12",57,"12:57"
"AM","00:58 PM","12:58","12","12",58,"12:58"
"AM","00:59 PM","12:59","12","12",59,"12:59"
"PM","00:00 AM","00:00","12","00",0,"00:00"
"PM","00:01 AM","00:01","12","00",1,"00:01"
"PM","00:02 AM","00:02","12","00",2,"00:02"
"PM","00:03 AM","00:03","12","00",3,"00:03"
"PM","00:04 AM","00:04","12","00",4,"00:04"
"PM","00:05 AM","00:05","12","00",5,"00:05"
"PM","00:06 AM","00:06","12","00",6,"00:06"
"PM","00:07 AM","00:07","12","00",7,"00:07"
"PM","00:08 AM","00:08","12","00",8,"00:08"
"PM","00:09 AM","00:09","12","00",9,"00:09"
"PM","00:10 AM","00:10","12","00",10,"00:10"
"PM","00:11 AM","00:11","12","00",11,"00:11"
"PM","00:12 AM","00:12","12","00",12,"00:12"
"PM","00:13 AM","00:13","12","00",13,"00:13"
"PM","00:14 AM","00:14","12","00",14,"00:14"
"PM","00:15 AM","00:15","12","00",15,"00:15"
"PM","00:16 AM","00:16","12","00",16,"00:16"
"PM","00:17 AM","00:17","12","00",17,"00:17"
"PM","00:18 AM","00:18","12","00",18,"00:18"
"PM","00:19 AM","00:19","12","00",19,"00:19"
"PM","00:20 AM","00:20","12","00",20,"00:20"
"PM","00:21 AM","00:21","12","00",21,"00:21"
"PM","00:22 AM","00:22","12","00",22,"00:22"
"PM","00:23 AM","00:23","12","00",23,"00:23"
"PM","00:24 AM","00:24","12","00",24,"00:24"
"PM","00:25 AM","00:25","12","00",25,"00:25"
"PM","00:26 AM","00:26","12","00",26,"00:26"
"PM","00:27 AM","00:27","12","00",27,"00:27"
"PM","00:28 AM","00:28","12","00",28,"00:28"
"PM","00:29 AM","00:29","12","00",29,"00:29"
"PM","00:30 AM","00:30","12","00",30,"00:30"
"PM","00:31 AM","00:31","12","00",31,"00:31"
"PM","00:32 AM","00:32","12","00",32,"00:32"
"PM","00:33 AM","00:33","12","00",33,"00:33"
"PM","00:34 AM","00:34","12","00",34,"00:34"
"PM","00:35 AM","00:35","12","00",35,"00:35"
"PM","00:36 AM","00:36","12","00",36,"00:36"
"PM","00:37 AM","00:37","12","00",37,"00:37"
"PM","00:38 AM","00:38","12","00",38,"00:38"
"PM","00:39 AM","00:39","12","00",39,"00:39"
"PM","00:40 AM","00:40","12","00",40,"00:40"
"PM","00:41 AM","00:41","12","00",41,"00:41"
"PM","00:42 AM","00:42","12","00",42,"00:42"
"PM","00:43 AM","00:43","12","00",43,"00:43"
"PM","00:44 AM","00:44","12","00",44,"00:44"
"PM","00:45 AM","00:45","12","00",45,"00:45"
"PM","00:46 AM","00:46","12","00",46,"00:46"
"PM","00:47 AM","00:47","12","00",47,"00:47"
"PM","00:48 AM","00:48","12","00",48,"00:48"
"PM","00:49 AM","00:49","12","00",49,"00:49"
"PM","00:50 AM","00:50","12","00",50,"00:50"
"PM","00:51 AM","00:51","12","00",51,"00:51"
"PM","00:52 AM","00:52","12","00",52,"00:52"
"PM","00:53 AM","00:53","12","00",53,"00:53"
"PM","00:54 AM","00:54","12","00",54,"00:54"
"PM","00:55 AM","00:55","12","00",55,"00:55"
"PM","00:56 AM","00:56","12","00",56,"00:56"
"PM","00:57 AM","00:57","12","00",57,"00:57"
"PM","00:58 AM","00:58","12","00",58,"00:58"
"PM","00:59 AM","00:59","12","00",59,"00:59"
"PM","01:00 PM","13:00","01","13",0,"13:00"
"PM","01:01 PM","13:01","01","13",1,"13:01"
"PM","01:02 PM","13:02","01","13",2,"13:02"
"PM","01:03 PM","13:03","01","13",3,"13:03"
"PM","01:04 PM","13:04","01","13",4,"13:04"
"PM","01:05 PM","13:05","01","13",5,"13:05"
"PM","01:06 PM","13:06","01","13",6,"13:06"
"PM","01:07 PM","13:07","01","13",7,"13:07"
"PM","01:08 PM","13:08","01","13",8,"13:08"
"PM","01:09 PM","13:09","01","13",9,"13:09"
"PM","01:10 PM","13:10","01","13",10,"13:10"
"PM","01:11 PM","13:11","01","13",11,"13:11"
"PM","01:12 PM","13:12","01","13",12,"13:12"
"PM","01:13 PM","13:13","01","13",13,"13:13"
"PM","01:14 PM","13:14","01","13",14,"13:14"
"PM","01:15 PM","13:15","01","13",15,"13:15"
"PM","01:16 PM","13:16","01","13",16,"13:16"
"PM","01:17 PM","13:17","01","13",17,"13:17"
"PM","01:18 PM","13:18","01","13",18,"13:18"
"PM","01:19 PM","13:19","01","13",19,"13:19"
"PM","01:20 PM","13:20","01","13",20,"13:20"
"PM","01:21 PM","13:21","01","13",21,"13:21"
"PM","01:22 PM","13:22","01","13",22,"13:22"
"PM","01:23 PM","13:23","01","13",23,"13:23"
"PM","01:24 PM","13:24","01","13",24,"13:24"
"PM","01:25 PM","13:25","01","13",25,"13:25"
"PM","01:26 PM","13:26","01","13",26,"13:26"
"PM","01:27 PM","13:27","01","13",27,"13:27"
"PM","01:28 PM","13:28","01","13",28,"13:28"
"PM","01:29 PM","13:29","01","13",29,"13:29"
"PM","01:30 PM","13:30","01","13",30,"13:30"
"PM","01:31 PM","13:31","01","13",31,"13:31"
"PM","01:32 PM","13:32","01","13",32,"13:32"
"PM","01:33 PM","13:33","01","13",33,"13:33"
"PM","01:34 PM","13:34","01","13",34,"13:34"
"PM","01:35 PM","13:35","01","13",35,"13:35"
"PM","01:36 PM","13:36","01","13",36,"13:36"
"PM","01:37 PM","13:37","01","13",37,"13:37"
"PM","01:38 PM","13:38","01","13",38,"13:38"
"PM","01:39 PM","13:39","01","13",39,"13:39"
"PM","01:40 PM","13:40","01","13",40,"13:40"
"PM","01:41 PM","13:41","01","13",41,"13:41"
"PM","01:42 PM","13:42","01","13",42,"13:42"
"PM","01:43 PM","13:43","01","13",43,"13:43"
"PM","01:44 PM","13:44","01","13",44,"13:44"
"PM","01:45 PM","13:45","01","13",45,"13:45"
"PM","01:46 PM","13:46","01","13",46,"13:46"
"PM","01:47 PM","13:47","01","13",47,"13:47"
"PM","01:48 PM","13:48","01","13",48,"13:48"
"PM","01:49 PM","13:49","01","13",49,"13:49"
"PM","01:50 PM","13:50","01","13",50,"13:50"
"PM","01:51 PM","13:51","01","13",51,"13:51"
"PM","01:52 PM","13:52","01","13",52,"13:52"
"PM","01:53 PM","13:53","01","13",53,"13:53"
"PM","01:54 PM","13:54","01","13",54,"13:54"
"PM","01:55 PM","13:55","01","13",55,"13:55"
"PM","01:56 PM","13:56","01","13",56,"13:56"
"PM","01:57 PM","13:57","01","13",57,"13:57"
"PM","01:58 PM","13:58","01","13",58,"13:58"
"PM","01:59 PM","13:59","01","13",59,"13:59"
"PM","02:00 PM","14:00","02","14",0,"14:00"
"PM","02:01 PM","14:01","02","14",1,"14:01"
"PM","02:02 PM","14:02","02","14",2,"14:02"
"PM","02:03 PM","14:03","02","14",3,"14:03"
"PM","02:04 PM","14:04","02","14",4,"14:04"
"PM","02:05 PM","14:05","02","14",5,"14:05"
"PM","02:06 PM","14:06","02","14",6,"14:06"
"PM","02:07 PM","14:07","02","14",7,"14:07"
"PM","02:08 PM","14:08","02","14",8,"14:08"
"PM","02:09 PM","14:09","02","14",9,"14:09"
"PM","02:10 PM","14:10","02","14",10,"14:10"
"PM","02:11 PM","14:11","02","14",11,"14:11"
"PM","02:12 PM","14:12","02","14",12,"14:12"
"PM","02:13 PM","14:13","02","14",13,"14:13"
"PM","02:14 PM","14:14","02","14",14,"14:14"
"PM","02:15 PM","14:15","02","14",15,"14:15"
"PM","02:16 PM","14:16","02","14",16,"14:16"
"PM","02:17 PM","14:17","02","14",17,"14:17"
"PM","02:18 PM","14:18","02","14",18,"14:18"
"PM","02:19 PM","14:19","02","14",19,"14:19"
"PM","02:20 PM","14:20","02","14",20,"14:20"
"PM","02:21 PM","14:21","02","14",21,"14:21"
"PM","02:22 PM","14:22","02","14",22,"14:22"
"PM","02:23 PM","14:23","02","14",23,"14:23"
"PM","02:24 PM","14:24","02","14",24,"14:24"
"PM","02:25 PM","14:25","02","14",25,"14:25"
"PM","02:26 PM","14:26","02","14",26,"14:26"
"PM","02:27 PM","14:27","02","14",27,"14:27"
"PM","02:28 PM","14:28","02","14",28,"14:28"
"PM","02:29 PM","14:29","02","14",29,"14:29"
"PM","02:30 PM","14:30","02","14",30,"14:30"
"PM","02:31 PM","14:31","02","14",31,"14:31"
"PM","02:32 PM","14:32","02","14",32,"14:32"
"PM","02:33 PM","14:33","02","14",33,"14:33"
"PM","02:34 PM","14:34","02","14",34,"14:34"
"PM","02:35 PM","14:35","02","14",35,"14:35"
"PM","02:36 PM","14:36","02","14",36,"14:36"
"PM","02:37 PM","14:37","02","14",37,"14:37"
"PM","02:38 PM","14:38","02","14",38,"14:38"
"PM","02:39 PM","14:39","02","14",39,"14:39"
"PM","02:40 PM","14:40","02","14",40,"14:40"
"PM","02:41 PM","14:41","02","14",41,"14:41"
"PM","02:42 PM","14:42","02","14",42,"14:42"
"PM","02:43 PM","14:43","02","14",43,"14:43"
"PM","02:44 PM","14:44","02","14",44,"14:44"
"PM","02:45 PM","14:45","02","14",45,"14:45"
"PM","02:46 PM","14:46","02","14",46,"14:46"
"PM","02:47 PM","14:47","02","14",47,"14:47"
"PM","02:48 PM","14:48","02","14",48,"14:48"
"PM","02:49 PM","14:49","02","14",49,"14:49"
"PM","02:50 PM","14:50","02","14",50,"14:50"
"PM","02:51 PM","14:51","02","14",51,"14:51"
"PM","02:52 PM","14:52","02","14",52,"14:52"
"PM","02:53 PM","14:53","02","14",53,"14:53"
"PM","02:54 PM","14:54","02","14",54,"14:54"
"PM","02:55 PM","14:55","02","14",55,"14:55"
"PM","02:56 PM","14:56","02","14",56,"14:56"
"PM","02:57 PM","14:57","02","14",57,"14:57"
"PM","02:58 PM","14:58","02","14",58,"14:58"
"PM","02:59 PM","14:59","02","14",59,"14:59"
"PM","03:00 PM","15:00","03","15",0,"15:00"
"PM","03:01 PM","15:01","03","15",1,"15:01"
"PM","03:02 PM","15:02","03","15",2,"15:02"
"PM","03:03 PM","15:03","03","15",3,"15:03"
"PM","03:04 PM","15:04","03","15",4,"15:04"
"PM","03:05 PM","15:05","03","15",5,"15:05"
"PM","03:06 PM","15:06","03","15",6,"15:06"
"PM","03:07 PM","15:07","03","15",7,"15:07"
"PM","03:08 PM","15:08","03","15",8,"15:08"
"PM","03:09 PM","15:09","03","15",9,"15:09"
"PM","03:10 PM","15:10","03","15",10,"15:10"
"PM","03:11 PM","15:11","03","15",11,"15:11"
"PM","03:12 PM","15:12","03","15",12,"15:12"
"PM","03:13 PM","15:13","03","15",13,"15:13"
"PM","03:14 PM","15:14","03","15",14,"15:14"
"PM","03:15 PM","15:15","03","15",15,"15:15"
"PM","03:16 PM","15:16","03","15",16,"15:16"
"PM","03:17 PM","15:17","03","15",17,"15:17"
"PM","03:18 PM","15:18","03","15",18,"15:18"
"PM","03:19 PM","15:19","03","15",19,"15:19"
"PM","03:20 PM","15:20","03","15",20,"15:20"
"PM","03:21 PM","15:21","03","15",21,"15:21"
"PM","03:22 PM","15:22","03","15",22,"15:22"
"PM","03:23 PM","15:23","03","15",23,"15:23"
"PM","03:24 PM","15:24","03","15",24,"15:24"
"PM","03:25 PM","15:25","03","15",25,"15:25"
"PM","03:26 PM","15:26","03","15",26,"15:26"
"PM","03:27 PM","15:27","03","15",27,"15:27"
"PM","03:28 PM","15:28","03","15",28,"15:28"
"PM","03:29 PM","15:29","03","15",29,"15:29"
"PM","03:30 PM","15:30","03","15",30,"15:30"
"PM","03:31 PM","15:31","03","15",31,"15:31"
"PM","03:32 PM","15:32","03","15",32,"15:32"
"PM","03:33 PM","15:33","03","15",33,"15:33"
"PM","03:34 PM","15:34","03","15",34,"15:34"
"PM","03:35 PM","15:35","03","15",35,"15:35"
"PM","03:36 PM","15:36","03","15",36,"15:36"
"PM","03:37 PM","15:37","03","15",37,"15:37"
"PM","03:38 PM","15:38","03","15",38,"15:38"
"PM","03:39 PM","15:39","03","15",39,"15:39"
"PM","03:40 PM","15:40","03","15",40,"15:40"
"PM","03:41 PM","15:41","03","15",41,"15:41"
"PM","03:42 PM","15:42","03","15",42,"15:42"
"PM","03:43 PM","15:43","03","15",43,"15:43"
"PM","03:44 PM","15:44","03","15",44,"15:44"
"PM","03:45 PM","15:45","03","15",45,"15:45"
"PM","03:46 PM","15:46","03","15",46,"15:46"
"PM","03:47 PM","15:47","03","15",47,"15:47"
"PM","03:48 PM","15:48","03","15",48,"15:48"
"PM","03:49 PM","15:49","03","15",49,"15:49"
"PM","03:50 PM","15:50","03","15",50,"15:50"
"PM","03:51 PM","15:51","03","15",51,"15:51"
"PM","03:52 PM","15:52","03","15",52,"15:52"
"PM","03:53 PM","15:53","03","15",53,"15:53"
"PM","03:54 PM","15:54","03","15",54,"15:54"
"PM","03:55 PM","15:55","03","15",55,"15:55"
"PM","03:56 PM","15:56","03","15",56,"15:56"
"PM","03:57 PM","15:57","03","15",57,"15:57"
"PM","03:58 PM","15:58","03","15",58,"15:58"
"PM","03:59 PM","15:59","03","15",59,"15:59"
"PM","04:00 PM","16:00","04","16",0,"16:00"
"PM","04:01 PM","16:01","04","16",1,"16:01"
"PM","04:02 PM","16:02","04","16",2,"16:02"
"PM","04:03 PM","16:03","04","16",3,"16:03"
"PM","04:04 PM","16:04","04","16",4,"16:04"
"PM","04:05 PM","16:05","04","16",5,"16:05"
"PM","04:06 PM","16:06","04","16",6,"16:06"
"PM","04:07 PM","16:07","04","16",7,"16:07"
"PM","04:08 PM","16:08","04","16",8,"16:08"
"PM","04:09 PM","16:09","04","16",9,"16:09"
"PM","04:10 PM","16:10","04","16",10,"16:10"
"PM","04:11 PM","16:11","04","16",11,"16:11"
"PM","04:12 PM","16:12","04","16",12,"16:12"
"PM","04:13 PM","16:13","04","16",13,"16:13"
"PM","04:14 PM","16:14","04","16",14,"16:14"
"PM","04:15 PM","16:15","04","16",15,"16:15"
"PM","04:16 PM","16:16","04","16",16,"16:16"
"PM","04:17 PM","16:17","04","16",17,"16:17"
"PM","04:18 PM","16:18","04","16",18,"16:18"
"PM","04:19 PM","16:19","04","16",19,"16:19"
"PM","04:20 PM","16:20","04","16",20,"16:20"
"PM","04:21 PM","16:21","04","16",21,"16:21"
"PM","04:22 PM","16:22","04","16",22,"16:22"
"PM","04:23 PM","16:23","04","16",23,"16:23"
"PM","04:24 PM","16:24","04","16",24,"16:24"
"PM","04:25 PM","16:25","04","16",25,"16:25"
"PM","04:26 PM","16:26","04","16",26,"16:26"
"PM","04:27 PM","16:27","04","16",27,"16:27"
"PM","04:28 PM","16:28","04","16",28,"16:28"
"PM","04:29 PM","16:29","04","16",29,"16:29"
"PM","04:30 PM","16:30","04","16",30,"16:30"
"PM","04:31 PM","16:31","04","16",31,"16:31"
"PM","04:32 PM","16:32","04","16",32,"16:32"
"PM","04:33 PM","16:33","04","16",33,"16:33"
"PM","04:34 PM","16:34","04","16",34,"16:34"
"PM","04:35 PM","16:35","04","16",35,"16:35"
"PM","04:36 PM","16:36","04","16",36,"16:36"
"PM","04:37 PM","16:37","04","16",37,"16:37"
"PM","04:38 PM","16:38","04","16",38,"16:38"
"PM","04:39 PM","16:39","04","16",39,"16:39"
"PM","04:40 PM","16:40","04","16",40,"16:40"
"PM","04:41 PM","16:41","04","16",41,"16:41"
"PM","04:42 PM","16:42","04","16",42,"16:42"
"PM","04:43 PM","16:43","04","16",43,"16:43"
"PM","04:44 PM","16:44","04","16",44,"16:44"
"PM","04:45 PM","16:45","04","16",45,"16:45"
"PM","04:46 PM","16:46","04","16",46,"16:46"
"PM","04:47 PM","16:47","04","16",47,"16:47"
"PM","04:48 PM","16:48","04","16",48,"16:48"
"PM","04:49 PM","16:49","04","16",49,"16:49"
"PM","04:50 PM","16:50","04","16",50,"16:50"
"PM","04:51 PM","16:51","04","16",51,"16:51"
"PM","04:52 PM","16:52","04","16",52,"16:52"
"PM","04:53 PM","16:53","04","16",53,"16:53"
"PM","04:54 PM","16:54","04","16",54,"16:54"
"PM","04:55 PM","16:55","04","16",55,"16:55"
"PM","04:56 PM","16:56","04","16",56,"16:56"
"PM","04:57 PM","16:57","04","16",57,"16:57"
"PM","04:58 PM","16:58","04","16",58,"16:58"
"PM","04:59 PM","16:59","04","16",59,"16:59"
"PM","05:00 PM","17:00","05","17",0,"17:00"
"PM","05:01 PM","17:01","05","17",1,"17:01"
"PM","05:02 PM","17:02","05","17",2,"17:02"
"PM","05:03 PM","17:03","05","17",3,"17:03"
"PM","05:04 PM","17:04","05","17",4,"17:04"
"PM","05:05 PM","17:05","05","17",5,"17:05"
"PM","05:06 PM","17:06","05","17",6,"17:06"
"PM","05:07 PM","17:07","05","17",7,"17:07"
"PM","05:08 PM","17:08","05","17",8,"17:08"
"PM","05:09 PM","17:09","05","17",9,"17:09"
"PM","05:10 PM","17:10","05","17",10,"17:10"
"PM","05:11 PM","17:11","05","17",11,"17:11"
"PM","05:12 PM","17:12","05","17",12,"17:12"
"PM","05:13 PM","17:13","05","17",13,"17:13"
"PM","05:14 PM","17:14","05","17",14,"17:14"
"PM","05:15 PM","17:15","05","17",15,"17:15"
"PM","05:16 PM","17:16","05","17",16,"17:16"
"PM","05:17 PM","17:17","05","17",17,"17:17"
"PM","05:18 PM","17:18","05","17",18,"17:18"
"PM","05:19 PM","17:19","05","17",19,"17:19"
"PM","05:20 PM","17:20","05","17",20,"17:20"
"PM","05:21 PM","17:21","05","17",21,"17:21"
"PM","05:22 PM","17:22","05","17",22,"17:22"
"PM","05:23 PM","17:23","05","17",23,"17:23"
"PM","05:24 PM","17:24","05","17",24,"17:24"
"PM","05:25 PM","17:25","05","17",25,"17:25"
"PM","05:26 PM","17:26","05","17",26,"17:26"
"PM","05:27 PM","17:27","05","17",27,"17:27"
"PM","05:28 PM","17:28","05","17",28,"17:28"
"PM","05:29 PM","17:29","05","17",29,"17:29"
"PM","05:30 PM","17:30","05","17",30,"17:30"
"PM","05:31 PM","17:31","05","17",31,"17:31"
"PM","05:32 PM","17:32","05","17",32,"17:32"
"PM","05:33 PM","17:33","05","17",33,"17:33"
"PM","05:34 PM","17:34","05","17",34,"17:34"
"PM","05:35 PM","17:35","05","17",35,"17:35"
"PM","05:36 PM","17:36","05","17",36,"17:36"
"PM","05:37 PM","17:37","05","17",37,"17:37"
"PM","05:38 PM","17:38","05","17",38,"17:38"
"PM","05:39 PM","17:39","05","17",39,"17:39"
"PM","05:40 PM","17:40","05","17",40,"17:40"
"PM","05:41 PM","17:41","05","17",41,"17:41"
"PM","05:42 PM","17:42","05","17",42,"17:42"
"PM","05:43 PM","17:43","05","17",43,"17:43"
"PM","05:44 PM","17:44","05","17",44,"17:44"
"PM","05:45 PM","17:45","05","17",45,"17:45"
"PM","05:46 PM","17:46","05","17",46,"17:46"
"PM","05:47 PM","17:47","05","17",47,"17:47"
"PM","05:48 PM","17:48","05","17",48,"17:48"
"PM","05:49 PM","17:49","05","17",49,"17:49"
"PM","05:50 PM","17:50","05","17",50,"17:50"
"PM","05:51 PM","17:51","05","17",51,"17:51"
"PM","05:52 PM","17:52","05","17",52,"17:52"
"PM","05:53 PM","17:53","05","17",53,"17:53"
"PM","05:54 PM","17:54","05","17",54,"17:54"
"PM","05:55 PM","17:55","05","17",55,"17:55"
"PM","05:56 PM","17:56","05","17",56,"17:56"
"PM","05:57 PM","17:57","05","17",57,"17:57"
"PM","05:58 PM","17:58","05","17",58,"17:58"
"PM","05:59 PM","17:59","05","17",59,"17:59"
"PM","06:00 PM","18:00","06","18",0,"18:00"
"PM","06:01 PM","18:01","06","18",1,"18:01"
"PM","06:02 PM","18:02","06","18",2,"18:02"
"PM","06:03 PM","18:03","06","18",3,"18:03"
"PM","06:04 PM","18:04","06","18",4,"18:04"
"PM","06:05 PM","18:05","06","18",5,"18:05"
"PM","06:06 PM","18:06","06","18",6,"18:06"
"PM","06:07 PM","18:07","06","18",7,"18:07"
"PM","06:08 PM","18:08","06","18",8,"18:08"
"PM","06:09 PM","18:09","06","18",9,"18:09"
"PM","06:10 PM","18:10","06","18",10,"18:10"
"PM","06:11 PM","18:11","06","18",11,"18:11"
"PM","06:12 PM","18:12","06","18",12,"18:12"
"PM","06:13 PM","18:13","06","18",13,"18:13"
"PM","06:14 PM","18:14","06","18",14,"18:14"
"PM","06:15 PM","18:15","06","18",15,"18:15"
"PM","06:16 PM","18:16","06","18",16,"18:16"
"PM","06:17 PM","18:17","06","18",17,"18:17"
"PM","06:18 PM","18:18","06","18",18,"18:18"
"PM","06:19 PM","18:19","06","18",19,"18:19"
"PM","06:20 PM","18:20","06","18",20,"18:20"
"PM","06:21 PM","18:21","06","18",21,"18:21"
"PM","06:22 PM","18:22","06","18",22,"18:22"
"PM","06:23 PM","18:23","06","18",23,"18:23"
"PM","06:24 PM","18:24","06","18",24,"18:24"
"PM","06:25 PM","18:25","06","18",25,"18:25"
"PM","06:26 PM","18:26","06","18",26,"18:26"
"PM","06:27 PM","18:27","06","18",27,"18:27"
"PM","06:28 PM","18:28","06","18",28,"18:28"
"PM","06:29 PM","18:29","06","18",29,"18:29"
"PM","06:30 PM","18:30","06","18",30,"18:30"
"PM","06:31 PM","18:31","06","18",31,"18:31"
"PM","06:32 PM","18:32","06","18",32,"18:32"
"PM","06:33 PM","18:33","06","18",33,"18:33"
"PM","06:34 PM","18:34","06","18",34,"18:34"
"PM","06:35 PM","18:35","06","18",35,"18:35"
"PM","06:36 PM","18:36","06","18",36,"18:36"
"PM","06:37 PM","18:37","06","18",37,"18:37"
"PM","06:38 PM","18:38","06","18",38,"18:38"
"PM","06:39 PM","18:39","06","18",39,"18:39"
"PM","06:40 PM","18:40","06","18",40,"18:40"
"PM","06:41 PM","18:41","06","18",41,"18:41"
"PM","06:42 PM","18:42","06","18",42,"18:42"
"PM","06:43 PM","18:43","06","18",43,"18:43"
"PM","06:44 PM","18:44","06","18",44,"18:44"
"PM","06:45 PM","18:45","06","18",45,"18:45"
"PM","06:46 PM","18:46","06","18",46,"18:46"
"PM","06:47 PM","18:47","06","18",47,"18:47"
"PM","06:48 PM","18:48","06","18",48,"18:48"
"PM","06:49 PM","18:49","06","18",49,"18:49"
"PM","06:50 PM","18:50","06","18",50,"18:50"
"PM","06:51 PM","18:51","06","18",51,"18:51"
"PM","06:52 PM","18:52","06","18",52,"18:52"
"PM","06:53 PM","18:53","06","18",53,"18:53"
"PM","06:54 PM","18:54","06","18",54,"18:54"
"PM","06:55 PM","18:55","06","18",55,"18:55"
"PM","06:56 PM","18:56","06","18",56,"18:56"
"PM","06:57 PM","18:57","06","18",57,"18:57"
"PM","06:58 PM","18:58","06","18",58,"18:58"
"PM","06:59 PM","18:59","06","18",59,"18:59"
"PM","07:00 PM","19:00","07","19",0,"19:00"
"PM","07:01 PM","19:01","07","19",1,"19:01"
"PM","07:02 PM","19:02","07","19",2,"19:02"
"PM","07:03 PM","19:03","07","19",3,"19:03"
"PM","07:04 PM","19:04","07","19",4,"19:04"
"PM","07:05 PM","19:05","07","19",5,"19:05"
"PM","07:06 PM","19:06","07","19",6,"19:06"
"PM","07:07 PM","19:07","07","19",7,"19:07"
"PM","07:08 PM","19:08","07","19",8,"19:08"
"PM","07:09 PM","19:09","07","19",9,"19:09"
"PM","07:10 PM","19:10","07","19",10,"19:10"
"PM","07:11 PM","19:11","07","19",11,"19:11"
"PM","07:12 PM","19:12","07","19",12,"19:12"
"PM","07:13 PM","19:13","07","19",13,"19:13"
"PM","07:14 PM","19:14","07","19",14,"19:14"
"PM","07:15 PM","19:15","07","19",15,"19:15"
"PM","07:16 PM","19:16","07","19",16,"19:16"
"PM","07:17 PM","19:17","07","19",17,"19:17"
"PM","07:18 PM","19:18","07","19",18,"19:18"
"PM","07:19 PM","19:19","07","19",19,"19:19"
"PM","07:20 PM","19:20","07","19",20,"19:20"
"PM","07:21 PM","19:21","07","19",21,"19:21"
"PM","07:22 PM","19:22","07","19",22,"19:22"
"PM","07:23 PM","19:23","07","19",23,"19:23"
"PM","07:24 PM","19:24","07","19",24,"19:24"
"PM","07:25 PM","19:25","07","19",25,"19:25"
"PM","07:26 PM","19:26","07","19",26,"19:26"
"PM","07:27 PM","19:27","07","19",27,"19:27"
"PM","07:28 PM","19:28","07","19",28,"19:28"
"PM","07:29 PM","19:29","07","19",29,"19:29"
"PM","07:30 PM","19:30","07","19",30,"19:30"
"PM","07:31 PM","19:31","07","19",31,"19:31"
"PM","07:32 PM","19:32","07","19",32,"19:32"
"PM","07:33 PM","19:33","07","19",33,"19:33"
"PM","07:34 PM","19:34","07","19",34,"19:34"
"PM","07:35 PM","19:35","07","19",35,"19:35"
"PM","07:36 PM","19:36","07","19",36,"19:36"
"PM","07:37 PM","19:37","07","19",37,"19:37"
"PM","07:38 PM","19:38","07","19",38,"19:38"
"PM","07:39 PM","19:39","07","19",39,"19:39"
"PM","07:40 PM","19:40","07","19",40,"19:40"
"PM","07:41 PM","19:41","07","19",41,"19:41"
"PM","07:42 PM","19:42","07","19",42,"19:42"
"PM","07:43 PM","19:43","07","19",43,"19:43"
"PM","07:44 PM","19:44","07","19",44,"19:44"
"PM","07:45 PM","19:45","07","19",45,"19:45"
"PM","07:46 PM","19:46","07","19",46,"19:46"
"PM","07:47 PM","19:47","07","19",47,"19:47"
"PM","07:48 PM","19:48","07","19",48,"19:48"
"PM","07:49 PM","19:49","07","19",49,"19:49"
"PM","07:50 PM","19:50","07","19",50,"19:50"
"PM","07:51 PM","19:51","07","19",51,"19:51"
"PM","07:52 PM","19:52","07","19",52,"19:52"
"PM","07:53 PM","19:53","07","19",53,"19:53"
"PM","07:54 PM","19:54","07","19",54,"19:54"
"PM","07:55 PM","19:55","07","19",55,"19:55"
"PM","07:56 PM","19:56","07","19",56,"19:56"
"PM","07:57 PM","19:57","07","19",57,"19:57"
"PM","07:58 PM","19:58","07","19",58,"19:58"
"PM","07:59 PM","19:59","07","19",59,"19:59"
"PM","08:00 PM","20:00","08","20",0,"20:00"
"PM","08:01 PM","20:01","08","20",1,"20:01"
"PM","08:02 PM","20:02","08","20",2,"20:02"
"PM","08:03 PM","20:03","08","20",3,"20:03"
"PM","08:04 PM","20:04","08","20",4,"20:04"
"PM","08:05 PM","20:05","08","20",5,"20:05"
"PM","08:06 PM","20:06","08","20",6,"20:06"
"PM","08:07 PM","20:07","08","20",7,"20:07"
"PM","08:08 PM","20:08","08","20",8,"20:08"
"PM","08:09 PM","20:09","08","20",9,"20:09"
"PM","08:10 PM","20:10","08","20",10,"20:10"
"PM","08:11 PM","20:11","08","20",11,"20:11"
"PM","08:12 PM","20:12","08","20",12,"20:12"
"PM","08:13 PM","20:13","08","20",13,"20:13"
"PM","08:14 PM","20:14","08","20",14,"20:14"
"PM","08:15 PM","20:15","08","20",15,"20:15"
"PM","08:16 PM","20:16","08","20",16,"20:16"
"PM","08:17 PM","20:17","08","20",17,"20:17"
"PM","08:18 PM","20:18","08","20",18,"20:18"
"PM","08:19 PM","20:19","08","20",19,"20:19"
"PM","08:20 PM","20:20","08","20",20,"20:20"
"PM","08:21 PM","20:21","08","20",21,"20:21"
"PM","08:22 PM","20:22","08","20",22,"20:22"
"PM","08:23 PM","20:23","08","20",23,"20:23"
"PM","08:24 PM","20:24","08","20",24,"20:24"
"PM","08:25 PM","20:25","08","20",25,"20:25"
"PM","08:26 PM","20:26","08","20",26,"20:26"
"PM","08:27 PM","20:27","08","20",27,"20:27"
"PM","08:28 PM","20:28","08","20",28,"20:28"
"PM","08:29 PM","20:29","08","20",29,"20:29"
"PM","08:30 PM","20:30","08","20",30,"20:30"
"PM","08:31 PM","20:31","08","20",31,"20:31"
"PM","08:32 PM","20:32","08","20",32,"20:32"
"PM","08:33 PM","20:33","08","20",33,"20:33"
"PM","08:34 PM","20:34","08","20",34,"20:34"
"PM","08:35 PM","20:35","08","20",35,"20:35"
"PM","08:36 PM","20:36","08","20",36,"20:36"
"PM","08:37 PM","20:37","08","20",37,"20:37"
"PM","08:38 PM","20:38","08","20",38,"20:38"
"PM","08:39 PM","20:39","08","20",39,"20:39"
"PM","08:40 PM","20:40","08","20",40,"20:40"
"PM","08:41 PM","20:41","08","20",41,"20:41"
"PM","08:42 PM","20:42","08","20",42,"20:42"
"PM","08:43 PM","20:43","08","20",43,"20:43"
"PM","08:44 PM","20:44","08","20",44,"20:44"
"PM","08:45 PM","20:45","08","20",45,"20:45"
"PM","08:46 PM","20:46","08","20",46,"20:46"
"PM","08:47 PM","20:47","08","20",47,"20:47"
"PM","08:48 PM","20:48","08","20",48,"20:48"
"PM","08:49 PM","20:49","08","20",49,"20:49"
"PM","08:50 PM","20:50","08","20",50,"20:50"
"PM","08:51 PM","20:51","08","20",51,"20:51"
"PM","08:52 PM","20:52","08","20",52,"20:52"
"PM","08:53 PM","20:53","08","20",53,"20:53"
"PM","08:54 PM","20:54","08","20",54,"20:54"
"PM","08:55 PM","20:55","08","20",55,"20:55"
"PM","08:56 PM","20:56","08","20",56,"20:56"
"PM","08:57 PM","20:57","08","20",57,"20:57"
"PM","08:58 PM","20:58","08","20",58,"20:58"
"PM","08:59 PM","20:59","08","20",59,"20:59"
"PM","09:00 PM","21:00","09","21",0,"21:00"
"PM","09:01 PM","21:01","09","21",1,"21:01"
"PM","09:02 PM","21:02","09","21",2,"21:02"
"PM","09:03 PM","21:03","09","21",3,"21:03"
"PM","09:04 PM","21:04","09","21",4,"21:04"
"PM","09:05 PM","21:05","09","21",5,"21:05"
"PM","09:06 PM","21:06","09","21",6,"21:06"
"PM","09:07 PM","21:07","09","21",7,"21:07"
"PM","09:08 PM","21:08","09","21",8,"21:08"
"PM","09:09 PM","21:09","09","21",9,"21:09"
"PM","09:10 PM","21:10","09","21",10,"21:10"
"PM","09:11 PM","21:11","09","21",11,"21:11"
"PM","09:12 PM","21:12","09","21",12,"21:12"
"PM","09:13 PM","21:13","09","21",13,"21:13"
"PM","09:14 PM","21:14","09","21",14,"21:14"
"PM","09:15 PM","21:15","09","21",15,"21:15"
"PM","09:16 PM","21:16","09","21",16,"21:16"
"PM","09:17 PM","21:17","09","21",17,"21:17"
"PM","09:18 PM","21:18","09","21",18,"21:18"
"PM","09:19 PM","21:19","09","21",19,"21:19"
"PM","09:20 PM","21:20","09","21",20,"21:20"
"PM","09:21 PM","21:21","09","21",21,"21:21"
"PM","09:22 PM","21:22","09","21",22,"21:22"
"PM","09:23 PM","21:23","09","21",23,"21:23"
"PM","09:24 PM","21:24","09","21",24,"21:24"
"PM","09:25 PM","21:25","09","21",25,"21:25"
"PM","09:26 PM","21:26","09","21",26,"21:26"
"PM","09:27 PM","21:27","09","21",27,"21:27"
"PM","09:28 PM","21:28","09","21",28,"21:28"
"PM","09:29 PM","21:29","09","21",29,"21:29"
"PM","09:30 PM","21:30","09","21",30,"21:30"
"PM","09:31 PM","21:31","09","21",31,"21:31"
"PM","09:32 PM","21:32","09","21",32,"21:32"
"PM","09:33 PM","21:33","09","21",33,"21:33"
"PM","09:34 PM","21:34","09","21",34,"21:34"
"PM","09:35 PM","21:35","09","21",35,"21:35"
"PM","09:36 PM","21:36","09","21",36,"21:36"
"PM","09:37 PM","21:37","09","21",37,"21:37"
"PM","09:38 PM","21:38","09","21",38,"21:38"
"PM","09:39 PM","21:39","09","21",39,"21:39"
"PM","09:40 PM","21:40","09","21",40,"21:40"
"PM","09:41 PM","21:41","09","21",41,"21:41"
"PM","09:42 PM","21:42","09","21",42,"21:42"
"PM","09:43 PM","21:43","09","21",43,"21:43"
"PM","09:44 PM","21:44","09","21",44,"21:44"
"PM","09:45 PM","21:45","09","21",45,"21:45"
"PM","09:46 PM","21:46","09","21",46,"21:46"
"PM","09:47 PM","21:47","09","21",47,"21:47"
"PM","09:48 PM","21:48","09","21",48,"21:48"
"PM","09:49 PM","21:49","09","21",49,"21:49"
"PM","09:50 PM","21:50","09","21",50,"21:50"
"PM","09:51 PM","21:51","09","21",51,"21:51"
"PM","09:52 PM","21:52","09","21",52,"21:52"
"PM","09:53 PM","21:53","09","21",53,"21:53"
"PM","09:54 PM","21:54","09","21",54,"21:54"
"PM","09:55 PM","21:55","09","21",55,"21:55"
"PM","09:56 PM","21:56","09","21",56,"21:56"
"PM","09:57 PM","21:57","09","21",57,"21:57"
"PM","09:58 PM","21:58","09","21",58,"21:58"
"PM","09:59 PM","21:59","09","21",59,"21:59"
"PM","10:00 PM","22:00","10","22",0,"22:00"
"PM","10:01 PM","22:01","10","22",1,"22:01"
"PM","10:02 PM","22:02","10","22",2,"22:02"
"PM","10:03 PM","22:03","10","22",3,"22:03"
"PM","10:04 PM","22:04","10","22",4,"22:04"
"PM","10:05 PM","22:05","10","22",5,"22:05"
"PM","10:06 PM","22:06","10","22",6,"22:06"
"PM","10:07 PM","22:07","10","22",7,"22:07"
"PM","10:08 PM","22:08","10","22",8,"22:08"
"PM","10:09 PM","22:09","10","22",9,"22:09"
"PM","10:10 PM","22:10","10","22",10,"22:10"
"PM","10:11 PM","22:11","10","22",11,"22:11"
"PM","10:12 PM","22:12","10","22",12,"22:12"
"PM","10:13 PM","22:13","10","22",13,"22:13"
"PM","10:14 PM","22:14","10","22",14,"22:14"
"PM","10:15 PM","22:15","10","22",15,"22:15"
"PM","10:16 PM","22:16","10","22",16,"22:16"
"PM","10:17 PM","22:17","10","22",17,"22:17"
"PM","10:18 PM","22:18","10","22",18,"22:18"
"PM","10:19 PM","22:19","10","22",19,"22:19"
"PM","10:20 PM","22:20","10","22",20,"22:20"
"PM","10:21 PM","22:21","10","22",21,"22:21"
"PM","10:22 PM","22:22","10","22",22,"22:22"
"PM","10:23 PM","22:23","10","22",23,"22:23"
"PM","10:24 PM","22:24","10","22",24,"22:24"
"PM","10:25 PM","22:25","10","22",25,"22:25"
"PM","10:26 PM","22:26","10","22",26,"22:26"
"PM","10:27 PM","22:27","10","22",27,"22:27"
"PM","10:28 PM","22:28","10","22",28,"22:28"
"PM","10:29 PM","22:29","10","22",29,"22:29"
"PM","10:30 PM","22:30","10","22",30,"22:30"
"PM","10:31 PM","22:31","10","22",31,"22:31"
"PM","10:32 PM","22:32","10","22",32,"22:32"
"PM","10:33 PM","22:33","10","22",33,"22:33"
"PM","10:34 PM","22:34","10","22",34,"22:34"
"PM","10:35 PM","22:35","10","22",35,"22:35"
"PM","10:36 PM","22:36","10","22",36,"22:36"
"PM","10:37 PM","22:37","10","22",37,"22:37"
"PM","10:38 PM","22:38","10","22",38,"22:38"
"PM","10:39 PM","22:39","10","22",39,"22:39"
"PM","10:40 PM","22:40","10","22",40,"22:40"
"PM","10:41 PM","22:41","10","22",41,"22:41"
"PM","10:42 PM","22:42","10","22",42,"22:42"
"PM","10:43 PM","22:43","10","22",43,"22:43"
"PM","10:44 PM","22:44","10","22",44,"22:44"
"PM","10:45 PM","22:45","10","22",45,"22:45"
"PM","10:46 PM","22:46","10","22",46,"22:46"
"PM","10:47 PM","22:47","10","22",47,"22:47"
"PM","10:48 PM","22:48","10","22",48,"22:48"
"PM","10:49 PM","22:49","10","22",49,"22:49"
"PM","10:50 PM","22:50","10","22",50,"22:50"
"PM","10:51 PM","22:51","10","22",51,"22:51"
"PM","10:52 PM","22:52","10","22",52,"22:52"
"PM","10:53 PM","22:53","10","22",53,"22:53"
"PM","10:54 PM","22:54","10","22",54,"22:54"
"PM","10:55 PM","22:55","10","22",55,"22:55"
"PM","10:56 PM","22:56","10","22",56,"22:56"
"PM","10:57 PM","22:57","10","22",57,"22:57"
"PM","10:58 PM","22:58","10","22",58,"22:58"
"PM","10:59 PM","22:59","10","22",59,"22:59"
"PM","11:00 PM","23:00","11","23",0,"23:00"
"PM","11:01 PM","23:01","11","23",1,"23:01"
"PM","11:02 PM","23:02","11","23",2,"23:02"
"PM","11:03 PM","23:03","11","23",3,"23:03"
"PM","11:04 PM","23:04","11","23",4,"23:04"
"PM","11:05 PM","23:05","11","23",5,"23:05"
"PM","11:06 PM","23:06","11","23",6,"23:06"
"PM","11:07 PM","23:07","11","23",7,"23:07"
"PM","11:08 PM","23:08","11","23",8,"23:08"
"PM","11:09 PM","23:09","11","23",9,"23:09"
"PM","11:10 PM","23:10","11","23",10,"23:10"
"PM","11:11 PM","23:11","11","23",11,"23:11"
"PM","11:12 PM","23:12","11","23",12,"23:12"
"PM","11:13 PM","23:13","11","23",13,"23:13"
"PM","11:14 PM","23:14","11","23",14,"23:14"
"PM","11:15 PM","23:15","11","23",15,"23:15"
"PM","11:16 PM","23:16","11","23",16,"23:16"
"PM","11:17 PM","23:17","11","23",17,"23:17"
"PM","11:18 PM","23:18","11","23",18,"23:18"
"PM","11:19 PM","23:19","11","23",19,"23:19"
"PM","11:20 PM","23:20","11","23",20,"23:20"
"PM","11:21 PM","23:21","11","23",21,"23:21"
"PM","11:22 PM","23:22","11","23",22,"23:22"
"PM","11:23 PM","23:23","11","23",23,"23:23"
"PM","11:24 PM","23:24","11","23",24,"23:24"
"PM","11:25 PM","23:25","11","23",25,"23:25"
"PM","11:26 PM","23:26","11","23",26,"23:26"
"PM","11:27 PM","23:27","11","23",27,"23:27"
"PM","11:28 PM","23:28","11","23",28,"23:28"
"PM","11:29 PM","23:29","11","23",29,"23:29"
"PM","11:30 PM","23:30","11","23",30,"23:30"
"PM","11:31 PM","23:31","11","23",31,"23:31"
"PM","11:32 PM","23:32","11","23",32,"23:32"
"PM","11:33 PM","23:33","11","23",33,"23:33"
"PM","11:34 PM","23:34","11","23",34,"23:34"
"PM","11:35 PM","23:35","11","23",35,"23:35"
"PM","11:36 PM","23:36","11","23",36,"23:36"
"PM","11:37 PM","23:37","11","23",37,"23:37"
"PM","11:38 PM","23:38","11","23",38,"23:38"
"PM","11:39 PM","23:39","11","23",39,"23:39"
"PM","11:40 PM","23:40","11","23",40,"23:40"
"PM","11:41 PM","23:41","11","23",41,"23:41"
"PM","11:42 PM","23:42","11","23",42,"23:42"
"PM","11:43 PM","23:43","11","23",43,"23:43"
"PM","11:44 PM","23:44","11","23",44,"23:44"
"PM","11:45 PM","23:45","11","23",45,"23:45"
"PM","11:46 PM","23:46","11","23",46,"23:46"
"PM","11:47 PM","23:47","11","23",47,"23:47"
"PM","11:48 PM","23:48","11","23",48,"23:48"
"PM","11:49 PM","23:49","11","23",49,"23:49"
"PM","11:50 PM","23:50","11","23",50,"23:50"
"PM","11:51 PM","23:51","11","23",51,"23:51"
"PM","11:52 PM","23:52","11","23",52,"23:52"
"PM","11:53 PM","23:53","11","23",53,"23:53"
"PM","11:54 PM","23:54","11","23",54,"23:54"
"PM","11:55 PM","23:55","11","23",55,"23:55"
"PM","11:56 PM","23:56","11","23",56,"23:56"
"PM","11:57 PM","23:57","11","23",57,"23:57"
"PM","11:58 PM","23:58","11","23",58,"23:58"
"PM","11:59 PM","23:59","11","23",59,"23:59"